"row_id","rssi","fingerprint","created_at","network_time","frame_length","type","json_time","mac","sniffer_id","location","payload","ssid","gnss_time","gnss_speed","gnss_altitude","gnss_accuracy","gnss_vsat","gnss_usat","time"
18305820,-43,"","2024-01-25 14:01:35.24206","2024-01-25 14:00:46.41431",0,"arrival_0","2024-01-25 14:00:47.118507","E9:4A:DB:FB:37:F3","B4:8A:0A:31:5E:EC","0101000020E61000008B9AF91FAA403240D243028042B24D40","binary data",NULL,"2024-01-25 13:00:46","0","20.10000038","0.600000024",11,10,"3784.497233"
18305854,-44,"","2024-01-25 14:01:35.24206","2024-01-25 14:00:48.41431",0,"arrival_0","2024-01-25 14:00:49.106575","E9:4A:DB:FB:37:F3","B4:8A:0A:31:5E:EC","0101000020E61000008B9AF91FAA403240D243028042B24D40","binary data",NULL,"2024-01-25 13:00:46","0","20.10000038","0.600000024",11,10,"3784.497233"
18305226,-45,"","2024-01-25 14:01:27.798356","2024-01-25 14:00:26.414302",0,"arrival_0","2024-01-25 14:00:27.1051","E9:4A:DB:FB:37:F3","B4:8A:0A:31:5E:EC","0101000020E6100000013BEDDFAB403240AE9003C042B24D40","binary data",NULL,"2024-01-25 13:00:26","0","21.60000038","0.699999988",11,8,"3777.053529"
18305001,-45,"","2024-01-25 14:01:24.165358","2024-01-25 14:00:13.414302",0,"arrival_0","2024-01-25 14:00:14.101698","E9:4A:DB:FB:37:F3","B4:8A:0A:31:5E:EC","0101000020E6100000379EF8FFAB403240AE9003C042B24D40","binary data",NULL,"2024-01-25 13:00:13","0","22.20000076","0.600000024",11,10,"3773.420531"
18305190,-46,"","2024-01-25 14:01:27.798356","2024-01-25 14:00:24.414302",0,"arrival_0","2024-01-25 14:00:24.968572","E9:4A:DB:FB:37:F3","B4:8A:0A:31:5E:EC","0101000020E6100000379EF8FFAB403240AE9003C042B24D40","binary data",NULL,"2024-01-25 13:00:23","0","22.20000076","0.600000024",11,10,"3777.053529"
18305038,-47,"","2024-01-25 14:01:24.165358","2024-01-25 14:00:15.414302",0,"arrival_0","2024-01-25 14:00:16.213892","E9:4A:DB:FB:37:F3","B4:8A:0A:31:5E:EC","0101000020E6100000379EF8FFAB403240AE9003C042B24D40","binary data",NULL,"2024-01-25 13:00:13","0","22.20000076","0.600000024",11,10,"3773.420531"
18304499,-47,"","2024-01-25 14:01:00.186355","2024-01-25 14:00:03.414303",0,"arrival_0","2024-01-25 14:00:03.928461","E9:4A:DB:FB:37:F3","B4:8A:0A:31:5E:EC","0101000020E6100000379EF8FFAB403240AE9003C042B24D40","binary data",NULL,"2024-01-25 13:00:04","0","22.20000076","0.600000024",11,10,"3749.441528"
18303275,-48,"","2024-01-25 14:00:26.627906","2024-01-25 13:59:26.414305",0,"arrival_0","2024-01-25 13:59:26.804665","E9:4A:DB:FB:37:F3","B4:8A:0A:31:5E:EC","0101000020E610000031310A40AB403240557AF9DF42B24D40","binary data",NULL,"2024-01-25 12:59:23","0","22.79999924","0.600000024",11,10,"3715.883079"
18303952,-49,"","2024-01-25 14:00:45.758027","2024-01-25 13:59:36.414305",0,"arrival_0","2024-01-25 13:59:36.896191","E9:4A:DB:FB:37:F3","B4:8A:0A:31:5E:EC","0101000020E61000007F04F67FAB403240557AF9DF42B24D40","binary data",NULL,"2024-01-25 12:59:33","0","22.89999962","0.600000024",11,10,"3735.013200"
18302677,-49,"","2024-01-25 14:00:18.526856","2024-01-25 13:59:07.414302",0,"arrival_0","2024-01-25 13:59:08.206116","E9:4A:DB:FB:37:F3","B4:8A:0A:31:5E:EC","0101000020E6100000799707C0AA403240AE9003C042B24D40","binary data",NULL,"2024-01-25 12:59:03","0","23.29999924","0.600000024",11,10,"3707.782029"
18305077,-49,"","2024-01-25 14:01:24.165358","2024-01-25 14:00:18.414302",0,"arrival_0","2024-01-25 14:00:18.455139","E9:4A:DB:FB:37:F3","B4:8A:0A:31:5E:EC","0101000020E6100000379EF8FFAB403240AE9003C042B24D40","binary data",NULL,"2024-01-25 13:00:18","0","22.20000076","0.600000024",11,10,"3773.420531"
18304125,-49,"","2024-01-25 14:00:51.105162","2024-01-25 13:59:54.414305",0,"arrival_0","2024-01-25 13:59:54.696783","E9:4A:DB:FB:37:F3","B4:8A:0A:31:5E:EC","0101000020E6100000379EF8FFAB403240AE9003C042B24D40","binary data",NULL,"2024-01-25 12:59:53","0","22.20000076","0.600000024",11,10,"3740.360335"
18304586,-51,"","2024-01-25 14:01:04.664135","2024-01-25 14:00:08.414302",0,"arrival_0","2024-01-25 14:00:08.43224","E9:4A:DB:FB:37:F3","B4:8A:0A:31:5E:EC","0101000020E6100000379EF8FFAB403240AE9003C042B24D40","binary data",NULL,"2024-01-25 13:00:09","0","22.20000076","0.600000024",11,10,"3753.919308"
18303984,-52,"","2024-01-25 14:00:45.758027","2024-01-25 13:59:38.414302",0,"arrival_0","2024-01-25 13:59:38.68535","E9:4A:DB:FB:37:F3","B4:8A:0A:31:5E:EC","0101000020E61000007F04F67FAB403240557AF9DF42B24D40","binary data",NULL,"2024-01-25 12:59:33","0","22.89999962","0.600000024",11,10,"3735.013200"
18303013,-54,"","2024-01-25 14:00:22.741785","2024-01-25 13:59:24.414302",0,"arrival_0","2024-01-25 13:59:24.708655","E9:4A:DB:FB:37:F3","B4:8A:0A:31:5E:EC","0101000020E610000031310A40AB403240557AF9DF42B24D40","binary data",NULL,"2024-01-25 12:59:23","0","22.79999924","0.600000024",11,10,"3711.996958"
18272588,-77,"","2024-01-25 13:41:24.32703","2024-01-25 13:41:14.414309",0,"arrival_0","2024-01-25 13:41:14.917267","7F:7E:F7:AD:B5:95","B4:8A:0A:31:5E:EC","0101000020E61000001901F47F37413240900BF75FA1B24D40","binary data",NULL,"2024-01-25 12:41:14","0","74.59999847","0.600000024",13,10,"2573.582203"
18273552,-77,"","2024-01-25 13:42:09.314288","2024-01-25 13:41:59.414301",0,"arrival_0","2024-01-25 13:41:59.562952","7F:7E:F7:AD:B5:95","B4:8A:0A:31:5E:EC","0101000020E6100000F75C01E0334132403188FEBFA0B24D40","binary data",NULL,"2024-01-25 12:42:00","12.96000004","77.59999847","0.600000024",13,10,"2618.569461"
18272602,-77,"","2024-01-25 13:41:24.32703","2024-01-25 13:41:20.414302",0,"arrival_0","2024-01-25 13:41:20.732466","7F:7E:F7:AD:B5:95","B4:8A:0A:31:5E:EC","0101000020E610000084C70AC037413240900BF75FA1B24D40","binary data",NULL,"2024-01-25 12:41:21","0","75.19999695","0.600000024",12,10,"2573.582203"
18265619,-77,"","2024-01-25 13:34:07.109213","2024-01-25 13:33:53.414304",0,"arrival_0","2024-01-25 13:33:53.51559","7F:7E:F7:AD:B5:95","B4:8A:0A:31:5E:EC","0101000020E6100000E8A308805C413240245C0A408AB24D40","binary data",NULL,"2024-01-25 12:33:53","20.93000031","101.5999985","0.699999988",13,10,"2136.364386"
18273557,-78,"","2024-01-25 13:42:09.314288","2024-01-25 13:42:00.414301",0,"arrival_0","2024-01-25 13:42:01.256467","7F:7E:F7:AD:B5:95","B4:8A:0A:31:5E:EC","0101000020E61000005E5CF45F31413240C054F9BF9FB24D40","binary data",NULL,"2024-01-25 12:42:01","16.47999954","77","0.600000024",13,10,"2618.569461"
18272627,-78,"","2024-01-25 13:41:35.528607","2024-01-25 13:41:28.414302",0,"arrival_0","2024-01-25 13:41:28.703994","7F:7E:F7:AD:B5:95","B4:8A:0A:31:5E:EC","0101000020E610000084C70AC037413240900BF75FA1B24D40","binary data",NULL,"2024-01-25 12:41:29","0","75.5","0.600000024",12,10,"2584.783780"
18265618,-78,"","2024-01-25 13:34:07.109213","2024-01-25 13:33:53.414304",0,"arrival_0","2024-01-25 13:33:53.463938","7F:7E:F7:AD:B5:95","B4:8A:0A:31:5E:EC","0101000020E6100000E8A308805C413240245C0A408AB24D40","binary data",NULL,"2024-01-25 12:33:53","20.93000031","101.5999985","0.699999988",13,10,"2136.364386"
18272595,-78,"","2024-01-25 13:41:24.32703","2024-01-25 13:41:17.414301",0,"arrival_0","2024-01-25 13:41:17.813998","7F:7E:F7:AD:B5:95","B4:8A:0A:31:5E:EC","0101000020E6100000CC2D084037413240C56E0280A1B24D40","binary data",NULL,"2024-01-25 12:41:18","0","74.90000153","0.600000024",12,10,"2573.582203"
18273562,-78,"","2024-01-25 13:42:09.314288","2024-01-25 13:42:05.414302",0,"arrival_0","2024-01-25 13:42:06.369036","7F:7E:F7:AD:B5:95","B4:8A:0A:31:5E:EC","0101000020E61000008375F3BF22413240166006009AB24D40","binary data",NULL,"2024-01-25 12:42:07","9.449999809","76.80000305","0.600000024",13,10,"2618.569461"
18272597,-79,"","2024-01-25 13:41:24.32703","2024-01-25 13:41:17.414308",0,"arrival_0","2024-01-25 13:41:18.3663","7F:7E:F7:AD:B5:95","B4:8A:0A:31:5E:EC","0101000020E6100000CC2D084037413240C56E0280A1B24D40","binary data",NULL,"2024-01-25 12:41:18","0","74.90000153","0.600000024",12,10,"2573.582203"
18272112,-80,"","2024-01-25 13:41:13.143361","2024-01-25 13:41:03.414302",0,"arrival_0","2024-01-25 13:41:03.774179","7F:7E:F7:AD:B5:95","B4:8A:0A:31:5E:EC","0101000020E6100000ED28EF5F30413240F6B704E09FB24D40","binary data",NULL,"2024-01-25 12:41:03","11.67000008","71.40000153","0.600000024",13,10,"2562.398534"
18273124,-80,"","2024-01-25 13:41:58.27796","2024-01-25 13:41:54.414302",0,"arrival_0","2024-01-25 13:41:55.147779","7F:7E:F7:AD:B5:95","B4:8A:0A:31:5E:EC","0101000020E61000002697F71F36413240A1BB03C0A1B24D40","binary data",NULL,"2024-01-25 12:41:56","0","77.09999847","0.600000024",13,10,"2607.533133"
18289796,-80,"","2024-01-25 13:53:28.373412","2024-01-25 13:53:19.414301",0,"arrival_0","2024-01-25 13:53:20.286274","E9:4A:DB:FB:37:F3","B4:8A:0A:31:5E:EC","0101000020E6100000364B13002D413240AFB7070092B24D40","binary data",NULL,"2024-01-25 12:53:20","0","90.59999847","0.600000024",12,10,"3297.628585"
18273116,-80,"","2024-01-25 13:41:58.27796","2024-01-25 13:41:49.414302",0,"arrival_0","2024-01-25 13:41:50.203208","7F:7E:F7:AD:B5:95","B4:8A:0A:31:5E:EC","0101000020E61000002697F71F36413240A1BB03C0A1B24D40","binary data",NULL,"2024-01-25 12:41:51","0","76.40000153","0.600000024",12,10,"2607.533133"
18272122,-80,"","2024-01-25 13:41:13.143361","2024-01-25 13:41:04.414301",0,"arrival_0","2024-01-25 13:41:05.308428","7F:7E:F7:AD:B5:95","B4:8A:0A:31:5E:EC","0101000020E6100000DE30FA9F36413240E9210140A1B24D40","binary data",NULL,"2024-01-25 12:41:06","0.74000001","71.69999695","0.600000024",13,10,"2562.398534"
18273556,-80,"","2024-01-25 13:42:09.314288","2024-01-25 13:42:00.414301",0,"arrival_0","2024-01-25 13:42:01.211907","7F:7E:F7:AD:B5:95","B4:8A:0A:31:5E:EC","0101000020E61000005E5CF45F31413240C054F9BF9FB24D40","binary data",NULL,"2024-01-25 12:42:01","16.47999954","77","0.600000024",13,10,"2618.569461"
18272598,-80,"","2024-01-25 13:41:24.32703","2024-01-25 13:41:19.414301",0,"arrival_0","2024-01-25 13:41:19.456361","7F:7E:F7:AD:B5:95","B4:8A:0A:31:5E:EC","0101000020E61000004F64FF9F37413240C56E0280A1B24D40","binary data",NULL,"2024-01-25 12:41:20","0","75.19999695","0.600000024",12,10,"2573.582203"
18265617,-80,"","2024-01-25 13:34:07.109213","2024-01-25 13:33:53.414305",0,"arrival_0","2024-01-25 13:33:53.417782","7F:7E:F7:AD:B5:95","B4:8A:0A:31:5E:EC","0101000020E6100000E8A308805C413240245C0A408AB24D40","binary data",NULL,"2024-01-25 12:33:53","20.93000031","101.5999985","0.699999988",13,10,"2136.364386"
18273125,-81,"","2024-01-25 13:41:58.27796","2024-01-25 13:41:54.414302",0,"arrival_0","2024-01-25 13:41:55.192359","7F:7E:F7:AD:B5:95","B4:8A:0A:31:5E:EC","0101000020E61000002697F71F36413240A1BB03C0A1B24D40","binary data",NULL,"2024-01-25 12:41:56","0","77.09999847","0.600000024",13,10,"2607.533133"
18265620,-81,"","2024-01-25 13:34:07.109213","2024-01-25 13:33:53.414306",0,"arrival_0","2024-01-25 13:33:53.567319","7F:7E:F7:AD:B5:95","B4:8A:0A:31:5E:EC","0101000020E6100000E8A308805C413240245C0A408AB24D40","binary data",NULL,"2024-01-25 12:33:53","20.93000031","101.5999985","0.699999988",13,10,"2136.364386"
18273576,-81,"","2024-01-25 13:42:25.130177","2024-01-25 13:42:09.414302",0,"arrival_0","2024-01-25 13:42:10.59314","7F:7E:F7:AD:B5:95","B4:8A:0A:31:5E:EC","0101000020E61000003804F99F1D413240EE92FE7F98B24D40","binary data",NULL,"2024-01-25 12:42:10","9.069999695","75.30000305","0.600000024",13,10,"2634.385350"
18273553,-81,"","2024-01-25 13:42:09.314288","2024-01-25 13:41:59.414302",0,"arrival_0","2024-01-25 13:41:59.608551","7F:7E:F7:AD:B5:95","B4:8A:0A:31:5E:EC","0101000020E6100000F75C01E0334132403188FEBFA0B24D40","binary data",NULL,"2024-01-25 12:42:00","12.96000004","77.59999847","0.600000024",13,10,"2618.569461"
18272587,-82,"","2024-01-25 13:41:24.32703","2024-01-25 13:41:12.414302",0,"arrival_0","2024-01-25 13:41:13.31127","7F:7E:F7:AD:B5:95","B4:8A:0A:31:5E:EC","0101000020E61000001901F47F37413240900BF75FA1B24D40","binary data",NULL,"2024-01-25 12:41:13","0","74","0.600000024",13,10,"2573.582203"
18273560,-82,"","2024-01-25 13:42:09.314288","2024-01-25 13:42:04.414301",0,"arrival_0","2024-01-25 13:42:04.811949","7F:7E:F7:AD:B5:95","B4:8A:0A:31:5E:EC","0101000020E6100000454308C026413240D466F73F9BB24D40","binary data",NULL,"2024-01-25 12:42:05","12.96000004","76.40000153","0.600000024",13,10,"2618.569461"
18301597,-82,"","2024-01-25 13:59:52.74811","2024-01-25 13:58:38.414306",0,"arrival_0","2024-01-25 13:58:38.878757","E9:4A:DB:FB:37:F3","B4:8A:0A:31:5E:EC","0101000020E6100000C66AF3FFAA4032409DE0F65F42B24D40","binary data",NULL,"2024-01-25 12:58:30","0","19.89999962","0.600000024",12,10,"3682.003283"
18265820,-82,"","2024-01-25 13:34:18.250813","2024-01-25 13:34:06.414301",0,"arrival_0","2024-01-25 13:34:06.53705","7F:7E:F7:AD:B5:95","B4:8A:0A:31:5E:EC","0101000020E61000003DA009A05A413240E30B070096B24D40","binary data",NULL,"2024-01-25 12:34:07","8.520000458","102.9000015","0.699999988",13,10,"2147.505986"
18273564,-82,"","2024-01-25 13:42:09.314288","2024-01-25 13:42:06.414301",0,"arrival_0","2024-01-25 13:42:06.794551","7F:7E:F7:AD:B5:95","B4:8A:0A:31:5E:EC","0101000020E61000008375F3BF22413240166006009AB24D40","binary data",NULL,"2024-01-25 12:42:07","9.449999809","76.80000305","0.600000024",13,10,"2618.569461"
18273575,-83,"","2024-01-25 13:42:25.130177","2024-01-25 13:42:08.414301",0,"arrival_0","2024-01-25 13:42:08.419842","7F:7E:F7:AD:B5:95","B4:8A:0A:31:5E:EC","0101000020E610000097340C401F413240A62C010099B24D40","binary data",NULL,"2024-01-25 12:42:09","8.149999619","75.59999847","0.600000024",13,10,"2634.385350"
18265644,-84,"","2024-01-25 13:34:07.109213","2024-01-25 13:34:02.414302",0,"arrival_0","2024-01-25 13:34:03.33367","7F:7E:F7:AD:B5:95","B4:8A:0A:31:5E:EC","0101000020E6100000F5390C205B4132406DBEF83F93B24D40","binary data",NULL,"2024-01-25 12:34:03","6.480000019","102.3000031","0.699999988",13,10,"2136.364386"
18265639,-84,"","2024-01-25 13:34:07.109213","2024-01-25 13:34:01.414301",0,"arrival_0","2024-01-25 13:34:01.608059","7F:7E:F7:AD:B5:95","B4:8A:0A:31:5E:EC","0101000020E6100000F5390C205B4132408B04094092B24D40","binary data",NULL,"2024-01-25 12:34:01","6.670000076","102.5","0.699999988",13,10,"2136.364386"
18272623,-84,"","2024-01-25 13:41:35.528607","2024-01-25 13:41:23.414302",0,"arrival_0","2024-01-25 13:41:24.249444","7F:7E:F7:AD:B5:95","B4:8A:0A:31:5E:EC","0101000020E610000084C70AC037413240900BF75FA1B24D40","binary data",NULL,"2024-01-25 12:41:24","0","75.09999847","0.600000024",12,10,"2584.783780"
18283963,-84,"","2024-01-25 13:49:16.005169","2024-01-25 13:49:13.414301",0,"arrival_0","2024-01-25 13:49:13.862919","7F:7E:F7:AD:B5:95","B4:8A:0A:31:5E:EC","0101000020E61000001F420180084132405A550640A2B24D40","binary data",NULL,"2024-01-25 12:49:14","7.21999979","92.30000305","0.600000024",10,10,"3045.260342"
18273986,-85,"","2024-01-25 13:42:36.578641","2024-01-25 13:42:20.414304",0,"arrival_0","2024-01-25 13:42:21.163296","7F:7E:F7:AD:B5:95","B4:8A:0A:31:5E:EC","0101000020E61000006AB3FB9F0D4132406DBEF83F93B24D40","binary data",NULL,"2024-01-25 12:42:19","0.930000007","74.59999847","0.600000024",13,10,"2645.833814"
18273587,-85,"","2024-01-25 13:42:25.130177","2024-01-25 13:42:17.414301",0,"arrival_0","2024-01-25 13:42:17.759269","7F:7E:F7:AD:B5:95","B4:8A:0A:31:5E:EC","0101000020E6100000A583F57F0E4132407F6E05A093B24D40","binary data",NULL,"2024-01-25 12:42:18","10.56000042","74.69999695","0.600000024",13,10,"2634.385350"
18284722,-85,"","2024-01-25 13:49:48.90741","2024-01-25 13:49:42.414301",0,"arrival_0","2024-01-25 13:49:42.8462","7F:7E:F7:AD:B5:95","B4:8A:0A:31:5E:EC","0101000020E610000025AFEF3F09413240F71D058091B24D40","binary data",NULL,"2024-01-25 12:49:43","7.21999979","95.80000305","0.600000024",11,10,"3078.162583"
18272590,-85,"","2024-01-25 13:41:24.32703","2024-01-25 13:41:15.414301",0,"arrival_0","2024-01-25 13:41:15.608873","7F:7E:F7:AD:B5:95","B4:8A:0A:31:5E:EC","0101000020E61000001901F47F37413240C56E0280A1B24D40","binary data",NULL,"2024-01-25 12:41:15","0","74.59999847","0.600000024",13,10,"2573.582203"
18273096,-85,"","2024-01-25 13:41:46.82265","2024-01-25 13:41:43.414302",0,"arrival_0","2024-01-25 13:41:43.666796","7F:7E:F7:AD:B5:95","B4:8A:0A:31:5E:EC","0101000020E6100000149405C03641324048A5F9DFA1B24D40","binary data",NULL,"2024-01-25 12:41:44","0","74.80000305","0.600000024",12,10,"2596.077823"
18270677,-85,"","2024-01-25 13:40:17.032143","2024-01-25 13:40:12.414302",0,"arrival_0","2024-01-25 13:40:13.153184","7F:7E:F7:AD:B5:95","B4:8A:0A:31:5E:EC","0101000020E61000003284EF3F2A413240CADFFFBF98B24D40","binary data",NULL,"2024-01-25 12:40:13","9.069999695","69.59999847","0.600000024",14,10,"2506.287316"
18265643,-85,"","2024-01-25 13:34:07.109213","2024-01-25 13:34:02.414302",0,"arrival_0","2024-01-25 13:34:02.982346","7F:7E:F7:AD:B5:95","B4:8A:0A:31:5E:EC","0101000020E6100000F5390C205B4132406DBEF83F93B24D40","binary data",NULL,"2024-01-25 12:34:03","6.480000019","102.3000031","0.699999988",13,10,"2136.364386"
18273561,-85,"","2024-01-25 13:42:09.314288","2024-01-25 13:42:04.414301",0,"arrival_0","2024-01-25 13:42:04.857462","7F:7E:F7:AD:B5:95","B4:8A:0A:31:5E:EC","0101000020E6100000454308C026413240D466F73F9BB24D40","binary data",NULL,"2024-01-25 12:42:05","12.96000004","76.40000153","0.600000024",13,10,"2618.569461"
18283632,-86,"","2024-01-25 13:49:04.957064","2024-01-25 13:48:54.414308",0,"arrival_0","2024-01-25 13:48:54.568583","7F:7E:F7:AD:B5:95","B4:8A:0A:31:5E:EC","0101000020E61000003EDBF67F06413240DD340920ADB24D40","binary data",NULL,"2024-01-25 12:48:55","7.21999979","90.80000305","0.600000024",10,10,"3034.212237"
18273085,-86,"","2024-01-25 13:41:46.82265","2024-01-25 13:41:38.414301",0,"arrival_0","2024-01-25 13:41:39.412603","7F:7E:F7:AD:B5:95","B4:8A:0A:31:5E:EC","0101000020E610000049F710E0364132406C58F89FA1B24D40","binary data",NULL,"2024-01-25 12:41:39","0","75.30000305","0.600000024",11,10,"2596.077823"
18286335,-86,"","2024-01-25 13:50:50.539282","2024-01-25 13:50:39.414636",0,"arrival_0","2024-01-25 13:50:40.274248","7F:7E:F7:AD:B5:95","B4:8A:0A:31:5E:EC","0101000020E6100000BFEEF81F2E413240F41208E08BB24D40","binary data",NULL,"2024-01-25 12:50:40","7.21999979","91.30000305","0.600000024",12,10,"3139.794455"
18273984,-86,"","2024-01-25 13:42:36.578641","2024-01-25 13:42:18.414309",0,"arrival_0","2024-01-25 13:42:19.138703","7F:7E:F7:AD:B5:95","B4:8A:0A:31:5E:EC","0101000020E61000006AB3FB9F0D4132406DBEF83F93B24D40","binary data",NULL,"2024-01-25 12:42:19","0.930000007","74.59999847","0.600000024",13,10,"2645.833814"
18273578,-86,"","2024-01-25 13:42:25.130177","2024-01-25 13:42:11.414302",0,"arrival_0","2024-01-25 13:42:11.978663","7F:7E:F7:AD:B5:95","B4:8A:0A:31:5E:EC","0101000020E6100000045D14A01A413240D675036097B24D40","binary data",NULL,"2024-01-25 12:42:12","8.329999924","74.90000153","0.600000024",13,10,"2634.385350"
18273991,-86,"","2024-01-25 13:42:36.578641","2024-01-25 13:42:22.414307",0,"arrival_0","2024-01-25 13:42:23.356687","7F:7E:F7:AD:B5:95","B4:8A:0A:31:5E:EC","0101000020E61000006AB3FB9F0D4132406DBEF83F93B24D40","binary data",NULL,"2024-01-25 12:42:19","0.930000007","74.59999847","0.600000024",13,10,"2645.833814"
18265646,-86,"","2024-01-25 13:34:07.109213","2024-01-25 13:34:02.414302",0,"arrival_0","2024-01-25 13:34:03.137023","7F:7E:F7:AD:B5:95","B4:8A:0A:31:5E:EC","0101000020E6100000F5390C205B4132406DBEF83F93B24D40","binary data",NULL,"2024-01-25 12:34:03","6.480000019","102.3000031","0.699999988",13,10,"2136.364386"
18273118,-87,"","2024-01-25 13:41:58.27796","2024-01-25 13:41:50.414301",0,"arrival_0","2024-01-25 13:41:50.748894","7F:7E:F7:AD:B5:95","B4:8A:0A:31:5E:EC","0101000020E61000002697F71F36413240A1BB03C0A1B24D40","binary data",NULL,"2024-01-25 12:41:51","0","76.40000153","0.600000024",12,10,"2607.533133"
18287130,-87,"","2024-01-25 13:51:24.272221","2024-01-25 13:51:13.414301",0,"arrival_0","2024-01-25 13:51:13.613178","E9:4A:DB:FB:37:F3","B4:8A:0A:31:5E:EC","0101000020E6100000364B13002D4132407A54FCDF91B24D40","binary data",NULL,"2024-01-25 12:51:14","0","91.69999695","0.600000024",12,10,"3173.527394"
18232767,-87,"","2024-01-25 13:09:45.243823","2024-01-25 13:09:39.414302",0,"arrival_0","2024-01-25 13:09:39.549529","66:8C:D9:93:F9:FE","B4:8A:0A:31:5E:EC","0101000020E6100000C9F7F7DF6B413240921A03809DB24D40","binary data",NULL,"2024-01-25 12:09:40","16.11000061","92.5","0.600000024",15,10,"674.498996"
18283957,-87,"","2024-01-25 13:49:16.005169","2024-01-25 13:49:05.414301",0,"arrival_0","2024-01-25 13:49:05.42574","7F:7E:F7:AD:B5:95","B4:8A:0A:31:5E:EC","0101000020E61000009D0B0A2008413240454308C0A6B24D40","binary data",NULL,"2024-01-25 12:49:06","7.590000153","91.80000305","0.600000024",10,10,"3045.260342"
18265650,-87,"","2024-01-25 13:34:07.109213","2024-01-25 13:34:03.414301",0,"arrival_0","2024-01-25 13:34:04.80631","7F:7E:F7:AD:B5:95","B4:8A:0A:31:5E:EC","0101000020E6100000C0D600005B4132405BBB06E093B24D40","binary data",NULL,"2024-01-25 12:34:04","7.039999962","102.0999985","0.699999988",13,10,"2136.364386"
18273081,-87,"","2024-01-25 13:41:46.82265","2024-01-25 13:41:37.414302",0,"arrival_0","2024-01-25 13:41:38.288799","7F:7E:F7:AD:B5:95","B4:8A:0A:31:5E:EC","0101000020E6100000149405C0364132406C58F89FA1B24D40","binary data",NULL,"2024-01-25 12:41:38","0","75.09999847","0.600000024",11,10,"2596.077823"
18273092,-88,"","2024-01-25 13:41:46.82265","2024-01-25 13:41:41.414302",0,"arrival_0","2024-01-25 13:41:41.98182","7F:7E:F7:AD:B5:95","B4:8A:0A:31:5E:EC","0101000020E610000049F710E036413240A1BB03C0A1B24D40","binary data",NULL,"2024-01-25 12:41:42","0","75.59999847","0.600000024",11,10,"2596.077823"
18273098,-88,"","2024-01-25 13:41:46.82265","2024-01-25 13:41:43.414302",0,"arrival_0","2024-01-25 13:41:44.408896","7F:7E:F7:AD:B5:95","B4:8A:0A:31:5E:EC","0101000020E6100000149405C03641324048A5F9DFA1B24D40","binary data",NULL,"2024-01-25 12:41:44","0","74.80000305","0.600000024",12,10,"2596.077823"
18269371,-88,"","2024-01-25 13:38:35.469627","2024-01-25 13:38:28.414635",0,"arrival_0","2024-01-25 13:38:28.652118","7F:7E:F7:AD:B5:95","B4:8A:0A:31:5E:EC","0101000020E610000004F304803241324058B009408EB24D40","binary data",NULL,"2024-01-25 12:38:28","0","71.40000153","0.600000024",13,10,"2404.724800"
18272628,-88,"","2024-01-25 13:41:35.528607","2024-01-25 13:41:29.414302",0,"arrival_0","2024-01-25 13:41:30.178232","7F:7E:F7:AD:B5:95","B4:8A:0A:31:5E:EC","0101000020E61000009C37EBDF37413240900BF75FA1B24D40","binary data",NULL,"2024-01-25 12:41:30","0","75.59999847","0.600000024",12,10,"2584.783780"
18232605,-88,"","2024-01-25 13:09:34.100801","2024-01-25 13:09:29.414301",0,"arrival_0","2024-01-25 13:09:29.481727","66:8C:D9:93:F9:FE","B4:8A:0A:31:5E:EC","0101000020E6100000115EF55F6B4132407AFD07609CB24D40","binary data",NULL,"2024-01-25 12:09:30","6.300000191","95.59999847","0.600000024",15,10,"663.355974"
18265204,-88,"","2024-01-25 13:33:32.275157","2024-01-25 13:33:21.414301",0,"arrival_0","2024-01-25 13:33:22.52058","7F:7E:F7:AD:B5:95","B4:8A:0A:31:5E:EC","0101000020E6100000B60CFE9F3F41324069B70A2084B24D40","binary data",NULL,"2024-01-25 12:33:23","2.220000029","97.40000153","0.699999988",13,10,"2101.530330"
18265433,-88,"","2024-01-25 13:33:55.652636","2024-01-25 13:33:45.414301",0,"arrival_0","2024-01-25 13:33:46.163682","7F:7E:F7:AD:B5:95","B4:8A:0A:31:5E:EC","0101000020E6100000420DF85F5B413240C320FAFF82B24D40","binary data",NULL,"2024-01-25 12:33:46","1.850000024","100.6999969","0.699999988",13,10,"2124.907809"
18265637,-88,"","2024-01-25 13:34:07.109213","2024-01-25 13:34:00.414302",0,"arrival_0","2024-01-25 13:34:00.856048","7F:7E:F7:AD:B5:95","B4:8A:0A:31:5E:EC","0101000020E6100000F5390C205B4132408B04094092B24D40","binary data",NULL,"2024-01-25 12:34:01","6.670000076","102.5","0.699999988",13,10,"2136.364386"
18290088,-88,"","2024-01-25 13:53:39.37867","2024-01-25 13:53:27.414302",0,"arrival_0","2024-01-25 13:53:28.318859","E9:4A:DB:FB:37:F3","B4:8A:0A:31:5E:EC","0101000020E61000004EBBF31F2D413240AFB7070092B24D40","binary data",NULL,"2024-01-25 12:53:28","0","90.69999695","0.600000024",12,10,"3308.633843"
18273108,-88,"","2024-01-25 13:41:58.27796","2024-01-25 13:41:45.414302",0,"arrival_0","2024-01-25 13:41:46.165983","7F:7E:F7:AD:B5:95","B4:8A:0A:31:5E:EC","0101000020E6100000DE30FA9F36413240A1BB03C0A1B24D40","binary data",NULL,"2024-01-25 12:41:47","0","74.59999847","0.600000024",12,10,"2607.533133"
18283639,-89,"","2024-01-25 13:49:04.957064","2024-01-25 13:48:59.414303",0,"arrival_0","2024-01-25 13:49:00.171583","7F:7E:F7:AD:B5:95","B4:8A:0A:31:5E:EC","0101000020E610000079ABF05F07413240086402C0A9B24D40","binary data",NULL,"2024-01-25 12:49:01","7.039999962","91.40000153","0.600000024",11,10,"3034.212237"
18284347,-89,"","2024-01-25 13:49:38.025285","2024-01-25 13:49:30.414302",0,"arrival_0","2024-01-25 13:49:30.579107","7F:7E:F7:AD:B5:95","B4:8A:0A:31:5E:EC","0101000020E6100000A278F8DF0841324023F609A098B24D40","binary data",NULL,"2024-01-25 12:49:31","7.409999847","95.19999695","0.600000024",11,10,"3067.280458"
18269372,-89,"","2024-01-25 13:38:35.469627","2024-01-25 13:38:29.414302",0,"arrival_0","2024-01-25 13:38:30.410259","7F:7E:F7:AD:B5:95","B4:8A:0A:31:5E:EC","0101000020E610000004F3048032413240224DFE1F8EB24D40","binary data",NULL,"2024-01-25 12:38:30","0","71.30000305","0.600000024",13,10,"2404.724800"
18265621,-89,"","2024-01-25 13:34:07.109213","2024-01-25 13:33:53.414301",0,"arrival_0","2024-01-25 13:33:54.263579","7F:7E:F7:AD:B5:95","B4:8A:0A:31:5E:EC","0101000020E6100000E8A308805C413240245C0A408AB24D40","binary data",NULL,"2024-01-25 12:33:53","20.93000031","101.5999985","0.699999988",13,10,"2136.364386"
18269442,-89,"","2024-01-25 13:38:46.471635","2024-01-25 13:38:33.414301",0,"arrival_0","2024-01-25 13:38:34.108404","7F:7E:F7:AD:B5:95","B4:8A:0A:31:5E:EC","0101000020E610000051C6F0BF32413240224DFE1F8EB24D40","binary data",NULL,"2024-01-25 12:38:33","0","71.40000153","0.600000024",13,10,"2415.726808"
18273093,-89,"","2024-01-25 13:41:46.82265","2024-01-25 13:41:41.414301",0,"arrival_0","2024-01-25 13:41:42.293739","7F:7E:F7:AD:B5:95","B4:8A:0A:31:5E:EC","0101000020E610000049F710E036413240A1BB03C0A1B24D40","binary data",NULL,"2024-01-25 12:41:42","0","75.59999847","0.600000024",11,10,"2596.077823"
18265023,-89,"","2024-01-25 13:33:20.785044","2024-01-25 13:33:14.414301",0,"arrival_0","2024-01-25 13:33:14.517795","7F:7E:F7:AD:B5:95","B4:8A:0A:31:5E:EC","0101000020E61000007FD814C07B4132406E6704C09DB24D40","binary data",NULL,"2024-01-25 12:33:15","52.59999847","98.90000153","0.699999988",13,10,"2090.040217"
18290093,-89,"","2024-01-25 13:53:39.37867","2024-01-25 13:53:29.414302",0,"arrival_0","2024-01-25 13:53:30.365719","E9:4A:DB:FB:37:F3","B4:8A:0A:31:5E:EC","0101000020E61000004EBBF31F2D41324056A1FD1F92B24D40","binary data",NULL,"2024-01-25 12:53:30","0","90.69999695","0.600000024",12,10,"3308.633843"
18265616,-89,"","2024-01-25 13:34:07.109213","2024-01-25 13:33:52.414308",0,"arrival_0","2024-01-25 13:33:53.285422","7F:7E:F7:AD:B5:95","B4:8A:0A:31:5E:EC","0101000020E6100000E8A308805C413240245C0A408AB24D40","binary data",NULL,"2024-01-25 12:33:53","20.93000031","101.5999985","0.699999988",13,10,"2136.364386"
18289599,-89,"","2024-01-25 13:53:17.221437","2024-01-25 13:53:09.414302",0,"arrival_0","2024-01-25 13:53:10.306871","E9:4A:DB:FB:37:F3","B4:8A:0A:31:5E:EC","0101000020E61000004EBBF31F2D413240AFB7070092B24D40","binary data",NULL,"2024-01-25 12:53:11","0","90.69999695","0.600000024",12,10,"3286.476610"
18265027,-89,"","2024-01-25 13:33:20.785044","2024-01-25 13:33:16.414302",0,"arrival_0","2024-01-25 13:33:17.251234","7F:7E:F7:AD:B5:95","B4:8A:0A:31:5E:EC","0101000020E610000040AB064060413240D36A06C091B24D40","binary data",NULL,"2024-01-25 12:33:18","58.70999908","98.5","0.699999988",13,9,"2090.040217"
18273579,-89,"","2024-01-25 13:42:25.130177","2024-01-25 13:42:11.414301",0,"arrival_0","2024-01-25 13:42:12.29324","7F:7E:F7:AD:B5:95","B4:8A:0A:31:5E:EC","0101000020E6100000045D14A01A413240D675036097B24D40","binary data",NULL,"2024-01-25 12:42:12","8.329999924","74.90000153","0.600000024",13,10,"2634.385350"
18267866,-89,"","2024-01-25 13:36:53.335087","2024-01-25 13:36:49.414301",0,"arrival_0","2024-01-25 13:36:49.703399","7F:7E:F7:AD:B5:95","B4:8A:0A:31:5E:EC","0101000020E6100000CD151020644132403804F99F9DB24D40","binary data",NULL,"2024-01-25 12:36:50","0","92.40000153","0.600000024",14,10,"2302.590260"
18273994,-89,"","2024-01-25 13:42:36.578641","2024-01-25 13:42:25.414302",0,"arrival_0","2024-01-25 13:42:25.482339","7F:7E:F7:AD:B5:95","B4:8A:0A:31:5E:EC","0101000020E61000003245F3DF07413240E56DF81F91B24D40","binary data",NULL,"2024-01-25 12:42:26","14.63000011","73.59999847","0.600000024",13,10,"2645.833814"
18268031,-89,"","2024-01-25 13:37:05.225913","2024-01-25 13:36:56.414301",0,"arrival_0","2024-01-25 13:36:56.913525","7F:7E:F7:AD:B5:95","B4:8A:0A:31:5E:EC","0101000020E61000002CECEDBF63413240921A03809DB24D40","binary data",NULL,"2024-01-25 12:36:57","0","92.80000305","0.600000024",14,10,"2314.481086"
18268033,-89,"","2024-01-25 13:37:05.225913","2024-01-25 13:36:57.414308",0,"arrival_0","2024-01-25 13:36:58.21585","7F:7E:F7:AD:B5:95","B4:8A:0A:31:5E:EC","0101000020E6100000147C0DA063413240921A03809DB24D40","binary data",NULL,"2024-01-25 12:36:58","0","93.19999695","0.600000024",14,10,"2314.481086"
18232392,-89,"","2024-01-25 13:09:22.788706","2024-01-25 13:09:11.414302",0,"arrival_0","2024-01-25 13:09:11.49269","66:8C:D9:93:F9:FE","B4:8A:0A:31:5E:EC","0101000020E61000007C240CA06B4132407A54FCDF91B24D40","binary data",NULL,"2024-01-25 12:09:12","6.849999905","93.80000305","0.600000024",15,10,"652.043879"
18273997,-89,"","2024-01-25 13:42:36.578641","2024-01-25 13:42:25.414301",0,"arrival_0","2024-01-25 13:42:25.757952","7F:7E:F7:AD:B5:95","B4:8A:0A:31:5E:EC","0101000020E61000003245F3DF07413240E56DF81F91B24D40","binary data",NULL,"2024-01-25 12:42:26","14.63000011","73.59999847","0.600000024",13,10,"2645.833814"
18274004,-89,"","2024-01-25 13:42:36.578641","2024-01-25 13:42:30.414302",0,"arrival_0","2024-01-25 13:42:30.512015","7F:7E:F7:AD:B5:95","B4:8A:0A:31:5E:EC","0101000020E6100000C486FA9FF4403240CB4500608AB24D40","binary data",NULL,"2024-01-25 12:42:31","25.73999977","73.69999695","0.600000024",13,10,"2645.833814"
18265828,-89,"","2024-01-25 13:34:18.250813","2024-01-25 13:34:09.414302",0,"arrival_0","2024-01-25 13:34:09.451337","7F:7E:F7:AD:B5:95","B4:8A:0A:31:5E:EC","0101000020E61000004FA3FBFF594132401146FD3F98B24D40","binary data",NULL,"2024-01-25 12:34:10","9.819999695","103.5","0.699999988",13,10,"2147.505986"
18272116,-89,"","2024-01-25 13:41:13.143361","2024-01-25 13:41:03.414302",0,"arrival_0","2024-01-25 13:41:04.325404","7F:7E:F7:AD:B5:95","B4:8A:0A:31:5E:EC","0101000020E6100000F2EF122033413240553BFD7FA0B24D40","binary data",NULL,"2024-01-25 12:41:04","10.73999977","71.5","0.600000024",13,10,"2562.398534"
18265631,-89,"","2024-01-25 13:34:07.109213","2024-01-25 13:33:59.414302",0,"arrival_0","2024-01-25 13:33:59.675155","7F:7E:F7:AD:B5:95","B4:8A:0A:31:5E:EC","0101000020E6100000420DF85F5B4132403F84020091B24D40","binary data",NULL,"2024-01-25 12:33:59","9.819999695","102.6999969","0.699999988",13,10,"2136.364386"
18284725,-90,"","2024-01-25 13:49:48.90741","2024-01-25 13:49:45.414301",0,"arrival_0","2024-01-25 13:49:45.715318","7F:7E:F7:AD:B5:95","B4:8A:0A:31:5E:EC","0101000020E61000000D3F0F2009413240F203FCBF8FB24D40","binary data",NULL,"2024-01-25 12:49:46","7.039999962","95.59999847","0.600000024",11,10,"3078.162583"
18229515,-90,"","2024-01-25 13:07:00.54594","2024-01-25 13:06:48.414302",0,"arrival_0","2024-01-25 13:06:49.54702","66:8C:D9:93:F9:FE","B4:8A:0A:31:5E:EC","0101000020E610000030CB09A0394132408B04094092B24D40","binary data",NULL,"2024-01-25 12:06:49","7.409999847","92.90000153","0.699999988",13,9,"509.801113"
18229601,-90,"","2024-01-25 13:07:11.520504","2024-01-25 13:07:08.414304",0,"arrival_0","2024-01-25 13:07:09.14481","66:8C:D9:93:F9:FE","B4:8A:0A:31:5E:EC","0101000020E61000009C37EBDF3741324098F1006086B24D40","binary data",NULL,"2024-01-25 12:07:09","7.21999979","91.90000153","0.699999988",13,9,"520.775677"
18231725,-90,"","2024-01-25 13:08:58.054418","2024-01-25 13:08:47.414302",0,"arrival_0","2024-01-25 13:08:47.465239","66:8C:D9:93:F9:FE","B4:8A:0A:31:5E:EC","0101000020E6100000EC5711A06C413240B11D08A083B24D40","binary data",NULL,"2024-01-25 12:08:48","7.960000038","90.5","0.600000024",15,10,"627.309591"
18265371,-90,"","2024-01-25 13:33:43.491922","2024-01-25 13:33:31.414301",0,"arrival_0","2024-01-25 13:33:31.604959","7F:7E:F7:AD:B5:95","B4:8A:0A:31:5E:EC","0101000020E610000057DCEAFF3D413240F883052083B24D40","binary data",NULL,"2024-01-25 12:33:32","1.110000014","99.59999847","0.699999988",13,10,"2112.747095"
18265382,-90,"","2024-01-25 13:33:43.491922","2024-01-25 13:33:40.414302",0,"arrival_0","2024-01-25 13:33:40.494135","7F:7E:F7:AD:B5:95","B4:8A:0A:31:5E:EC","0101000020E61000001DB5FC9F47413240D5D0066083B24D40","binary data",NULL,"2024-01-25 12:33:41","24.81999969","101","0.699999988",13,10,"2112.747095"
18265647,-90,"","2024-01-25 13:34:07.109213","2024-01-25 13:34:03.414301",0,"arrival_0","2024-01-25 13:34:03.713563","7F:7E:F7:AD:B5:95","B4:8A:0A:31:5E:EC","0101000020E6100000F5390C205B4132406DBEF83F93B24D40","binary data",NULL,"2024-01-25 12:34:03","6.480000019","102.3000031","0.699999988",13,10,"2136.364386"
18284162,-90,"","2024-01-25 13:49:26.9252","2024-01-25 13:49:15.414302",0,"arrival_0","2024-01-25 13:49:15.996119","7F:7E:F7:AD:B5:95","B4:8A:0A:31:5E:EC","0101000020E61000001F42018008413240B4BEF51FA1B24D40","binary data",NULL,"2024-01-25 12:49:16","7.21999979","92.80000305","0.600000024",11,10,"3056.180373"
18286348,-90,"","2024-01-25 13:50:50.539282","2024-01-25 13:50:44.414302",0,"arrival_0","2024-01-25 13:50:44.440293","7F:7E:F7:AD:B5:95","B4:8A:0A:31:5E:EC","0101000020E6100000BFEEF81F2E4132407C6308008EB24D40","binary data",NULL,"2024-01-25 12:50:44","7.039999962","91.40000153","0.600000024",12,10,"3139.794455"
18287265,-90,"","2024-01-25 13:51:35.446984","2024-01-25 13:51:32.414301",0,"arrival_0","2024-01-25 13:51:32.830077","7F:7E:F7:AD:B5:95","B4:8A:0A:31:5E:EC","0101000020E6100000CB84FCBF2C4132407A54FCDF91B24D40","binary data",NULL,"2024-01-25 12:51:33","0","91.69999695","0.600000024",12,10,"3184.702157"
18287809,-90,"","2024-01-25 13:51:58.418298","2024-01-25 13:51:45.414301",0,"arrival_0","2024-01-25 13:51:45.480853","7F:7E:F7:AD:B5:95","B4:8A:0A:31:5E:EC","0101000020E6100000CB84FCBF2C4132407A54FCDF91B24D40","binary data",NULL,"2024-01-25 12:51:45","0","91.69999695","0.600000024",12,10,"3207.673471"
18301048,-90,"","2024-01-25 13:59:32.959949","2024-01-25 13:58:34.414306",0,"arrival_0","2024-01-25 13:58:34.802255","E9:4A:DB:FB:37:F3","B4:8A:0A:31:5E:EC","0101000020E6100000C66AF3FFAA4032409DE0F65F42B24D40","binary data",NULL,"2024-01-25 12:58:30","0","19.89999962","0.600000024",12,10,"3662.215122"
18285498,-91,"","2024-01-25 13:50:12.412893","2024-01-25 13:50:02.414302",0,"arrival_0","2024-01-25 13:50:03.298719","7F:7E:F7:AD:B5:95","B4:8A:0A:31:5E:EC","0101000020E6100000C5D811A00941324015BB090086B24D40","binary data",NULL,"2024-01-25 12:50:03","7.21999979","96.69999695","0.600000024",11,10,"3101.668066"
18268380,-91,"","2024-01-25 13:37:40.854796","2024-01-25 13:37:20.414307",0,"arrival_0","2024-01-25 13:37:20.881942","7F:7E:F7:AD:B5:95","B4:8A:0A:31:5E:EC","0101000020E610000021121140624132406E6704C09DB24D40","binary data",NULL,"2024-01-25 12:37:14","0","91.59999847","0.600000024",13,10,"2350.109969"
18283636,-91,"","2024-01-25 13:49:04.957064","2024-01-25 13:48:56.414301",0,"arrival_0","2024-01-25 13:48:57.178911","E9:4A:DB:FB:37:F3","B4:8A:0A:31:5E:EC","0101000020E6100000C111EEDF064132407F04F67FABB24D40","binary data",NULL,"2024-01-25 12:48:58","7.21999979","91.19999695","0.600000024",10,10,"3034.212237"
18272109,-91,"","2024-01-25 13:41:13.143361","2024-01-25 13:41:01.414301",0,"arrival_0","2024-01-25 13:41:02.132896","7F:7E:F7:AD:B5:95","B4:8A:0A:31:5E:EC","0101000020E6100000841EFF3F2D41324008BBF63F9FB24D40","binary data",NULL,"2024-01-25 12:41:02","12.77999973","71.69999695","0.600000024",13,10,"2562.398534"
18273996,-91,"","2024-01-25 13:42:36.578641","2024-01-25 13:42:25.414302",0,"arrival_0","2024-01-25 13:42:25.579317","7F:7E:F7:AD:B5:95","B4:8A:0A:31:5E:EC","0101000020E61000003245F3DF07413240E56DF81F91B24D40","binary data",NULL,"2024-01-25 12:42:26","14.63000011","73.59999847","0.600000024",13,10,"2645.833814"
18286341,-91,"","2024-01-25 13:50:50.539282","2024-01-25 13:50:42.414304",0,"arrival_0","2024-01-25 13:50:42.763566","7F:7E:F7:AD:B5:95","B4:8A:0A:31:5E:EC","0101000020E6100000F45104402E413240C4C905808DB24D40","binary data",NULL,"2024-01-25 12:50:43","7.590000153","91.40000153","0.600000024",12,10,"3139.794455"
18265622,-91,"","2024-01-25 13:34:07.109213","2024-01-25 13:33:55.414302",0,"arrival_0","2024-01-25 13:33:56.155745","7F:7E:F7:AD:B5:95","B4:8A:0A:31:5E:EC","0101000020E6100000ADD30EA05B41324058B009408EB24D40","binary data",NULL,"2024-01-25 12:33:56","12.59000015","102.1999969","0.699999988",13,10,"2136.364386"
18287267,-91,"","2024-01-25 13:51:35.446984","2024-01-25 13:51:32.414302",0,"arrival_0","2024-01-25 13:51:32.963629","7F:7E:F7:AD:B5:95","B4:8A:0A:31:5E:EC","0101000020E6100000CB84FCBF2C4132407A54FCDF91B24D40","binary data",NULL,"2024-01-25 12:51:33","0","91.69999695","0.600000024",12,10,"3184.702157"
18265436,-91,"","2024-01-25 13:33:55.652636","2024-01-25 13:33:48.414302",0,"arrival_0","2024-01-25 13:33:49.213439","7F:7E:F7:AD:B5:95","B4:8A:0A:31:5E:EC","0101000020E6100000C543EFBF5B4132408D6A09E083B24D40","binary data",NULL,"2024-01-25 12:33:49","11.47999954","101.6999969","0.699999988",13,10,"2124.907809"
18267861,-91,"","2024-01-25 13:36:53.335087","2024-01-25 13:36:46.414302",0,"arrival_0","2024-01-25 13:36:46.912054","7F:7E:F7:AD:B5:95","B4:8A:0A:31:5E:EC","0101000020E610000085AF12A0644132403804F99F9DB24D40","binary data",NULL,"2024-01-25 12:36:47","0","92.09999847","0.600000024",12,10,"2302.590260"
18283961,-91,"","2024-01-25 13:49:16.005169","2024-01-25 13:49:09.414302",0,"arrival_0","2024-01-25 13:49:10.116428","7F:7E:F7:AD:B5:95","B4:8A:0A:31:5E:EC","0101000020E6100000EADEF55F08413240290C04E0A3B24D40","binary data",NULL,"2024-01-25 12:49:11","7.039999962","92.30000305","0.600000024",10,10,"3045.260342"
18291022,-91,"","2024-01-25 13:54:35.959982","2024-01-25 13:54:32.414302",0,"arrival_0","2024-01-25 13:54:32.556424","E9:4A:DB:FB:37:F3","B4:8A:0A:31:5E:EC","0101000020E61000004BEFF2DF49413240CE50FDFF8FB24D40","binary data",NULL,"2024-01-25 12:54:32","0","87.59999847","0.600000024",12,10,"3365.215155"
18285594,-91,"","2024-01-25 13:50:17.027719","2024-01-25 13:50:02.414302",0,"arrival_0","2024-01-25 13:50:03.298719","7F:7E:F7:AD:B5:95","B4:8A:0A:31:5E:EC","0101000020E6100000C5D811A00941324015BB090086B24D40","binary data",NULL,"2024-01-25 12:50:03","7.21999979","96.69999695","0.600000024",11,10,"3106.282892"
18286360,-91,"","2024-01-25 13:50:50.539282","2024-01-25 13:50:47.414302",0,"arrival_0","2024-01-25 13:50:48.220439","7F:7E:F7:AD:B5:95","B4:8A:0A:31:5E:EC","0101000020E61000002AB50F602E413240AA9DFE3F90B24D40","binary data",NULL,"2024-01-25 12:50:48","6.670000076","91.19999695","0.600000024",12,10,"3139.794455"
18269065,-91,"","2024-01-25 13:38:24.467244","2024-01-25 13:38:19.414302",0,"arrival_0","2024-01-25 13:38:20.237358","7F:7E:F7:AD:B5:95","B4:8A:0A:31:5E:EC","0101000020E6100000BC8C070033413240224DFE1F8EB24D40","binary data",NULL,"2024-01-25 12:38:20","0","72.09999847","0.600000024",13,10,"2393.722417"
18269064,-91,"","2024-01-25 13:38:24.467244","2024-01-25 13:38:19.414302",0,"arrival_0","2024-01-25 13:38:19.836016","7F:7E:F7:AD:B5:95","B4:8A:0A:31:5E:EC","0101000020E6100000BC8C070033413240224DFE1F8EB24D40","binary data",NULL,"2024-01-25 12:38:20","0","72.09999847","0.600000024",13,10,"2393.722417"
18284168,-91,"","2024-01-25 13:49:26.9252","2024-01-25 13:49:18.414302",0,"arrival_0","2024-01-25 13:49:19.239862","E9:4A:DB:FB:37:F3","B4:8A:0A:31:5E:EC","0101000020E6100000A278F8DF08413240DE9A09C09EB24D40","binary data",NULL,"2024-01-25 12:49:20","7.21999979","93.90000153","0.600000024",11,10,"3056.180373"
18280701,-91,"","2024-01-25 13:46:49.056786","2024-01-25 13:46:38.414301",0,"arrival_0","2024-01-25 13:46:38.934304","7F:7E:F7:AD:B5:95","B4:8A:0A:31:5E:EC","0101000020E6100000BEC7F4DFDE403240B68AF65F84B24D40","binary data",NULL,"2024-01-25 12:46:39","6.849999905","88","0.600000024",14,9,"2898.311959"
18286333,-92,"","2024-01-25 13:50:50.539282","2024-01-25 13:50:39.414301",0,"arrival_0","2024-01-25 13:50:40.228791","7F:7E:F7:AD:B5:95","B4:8A:0A:31:5E:EC","0101000020E6100000BFEEF81F2E413240F41208E08BB24D40","binary data",NULL,"2024-01-25 12:50:40","7.21999979","91.30000305","0.600000024",12,10,"3139.794455"
18270382,-92,"","2024-01-25 13:39:42.548259","2024-01-25 13:39:28.414308",0,"arrival_0","2024-01-25 13:39:29.315458","7F:7E:F7:AD:B5:95","B4:8A:0A:31:5E:EC","0101000020E6100000A055032030413240DBE600A08EB24D40","binary data",NULL,"2024-01-25 12:39:29","0","73.5","0.600000024",12,10,"2471.803432"
18284339,-92,"","2024-01-25 13:49:38.025285","2024-01-25 13:49:24.414302",0,"arrival_0","2024-01-25 13:49:25.35636","7F:7E:F7:AD:B5:95","B4:8A:0A:31:5E:EC","0101000020E6100000A278F8DF084132409EB006209CB24D40","binary data",NULL,"2024-01-25 12:49:25","6.849999905","94.69999695","0.600000024",11,10,"3067.280458"
18269444,-92,"","2024-01-25 13:38:46.471635","2024-01-25 13:38:35.414302",0,"arrival_0","2024-01-25 13:38:35.643155","7F:7E:F7:AD:B5:95","B4:8A:0A:31:5E:EC","0101000020E610000004F3048032413240224DFE1F8EB24D40","binary data",NULL,"2024-01-25 12:38:36","0","71.80000305","0.600000024",13,10,"2415.726808"
18265025,-92,"","2024-01-25 13:33:20.785044","2024-01-25 13:33:15.414301",0,"arrival_0","2024-01-25 13:33:15.519067","7F:7E:F7:AD:B5:95","B4:8A:0A:31:5E:EC","0101000020E6100000A8FC10C072413240166006009AB24D40","binary data",NULL,"2024-01-25 12:33:16","55","98.69999695","0.699999988",13,10,"2090.040217"
18265029,-92,"","2024-01-25 13:33:20.785044","2024-01-25 13:33:17.414302",0,"arrival_0","2024-01-25 13:33:17.475923","7F:7E:F7:AD:B5:95","B4:8A:0A:31:5E:EC","0101000020E610000040AB064060413240D36A06C091B24D40","binary data",NULL,"2024-01-25 12:33:18","58.70999908","98.5","0.699999988",13,9,"2090.040217"
18290132,-92,"","2024-01-25 13:53:50.750192","2024-01-25 13:53:41.414301",0,"arrival_0","2024-01-25 13:53:42.370017","E9:4A:DB:FB:37:F3","B4:8A:0A:31:5E:EC","0101000020E61000004EBBF31F2D41324056A1FD1F92B24D40","binary data",NULL,"2024-01-25 12:53:42","0","90.69999695","0.600000024",12,10,"3320.005365"
18268857,-92,"","2024-01-25 13:38:13.598801","2024-01-25 13:38:05.414308",0,"arrival_0","2024-01-25 13:38:05.696187","7F:7E:F7:AD:B5:95","B4:8A:0A:31:5E:EC","0101000020E6100000B563F21F35413240A583F57F8EB24D40","binary data",NULL,"2024-01-25 12:38:05","0","72.59999847","0.600000024",14,10,"2382.853974"
18265432,-92,"","2024-01-25 13:33:55.652636","2024-01-25 13:33:44.414301",0,"arrival_0","2024-01-25 13:33:44.930739","7F:7E:F7:AD:B5:95","B4:8A:0A:31:5E:EC","0101000020E61000008A73F5DF5A413240F883052083B24D40","binary data",NULL,"2024-01-25 12:33:45","3.150000095","100.8000031","0.699999988",13,10,"2124.907809"
18288769,-92,"","2024-01-25 13:52:44.030393","2024-01-25 13:52:39.414302",0,"arrival_0","2024-01-25 13:52:40.222785","E9:4A:DB:FB:37:F3","B4:8A:0A:31:5E:EC","0101000020E61000003CB801C02D4132408B04094092B24D40","binary data",NULL,"2024-01-25 12:52:40","0","92.30000305","0.600000024",12,10,"3253.285566"
18268107,-92,"","2024-01-25 13:37:29.742594","2024-01-25 13:37:07.414302",0,"arrival_0","2024-01-25 13:37:08.221009","7F:7E:F7:AD:B5:95","B4:8A:0A:31:5E:EC","0101000020E6100000A44808A0624132405CB7F75F9DB24D40","binary data",NULL,"2024-01-25 12:37:08","0","91.90000153","0.600000024",14,10,"2338.997767"
18286781,-92,"","2024-01-25 13:51:01.58247","2024-01-25 13:50:53.414301",0,"arrival_0","2024-01-25 13:50:54.70285","7F:7E:F7:AD:B5:95","B4:8A:0A:31:5E:EC","0101000020E6100000711B0DE02D413240D36A06C091B24D40","binary data",NULL,"2024-01-25 12:50:54","0","92.09999847","0.600000024",12,10,"3150.837643"
18286779,-92,"","2024-01-25 13:51:01.58247","2024-01-25 13:50:52.414302",0,"arrival_0","2024-01-25 13:50:53.294048","7F:7E:F7:AD:B5:95","B4:8A:0A:31:5E:EC","0101000020E6100000BFEEF81F2E4132407A54FCDF91B24D40","binary data",NULL,"2024-01-25 12:50:53","0","91.5","0.600000024",12,10,"3150.837643"
18272084,-92,"","2024-01-25 13:41:01.735038","2024-01-25 13:40:49.414302",0,"arrival_0","2024-01-25 13:40:49.690935","7F:7E:F7:AD:B5:95","B4:8A:0A:31:5E:EC","0101000020E610000022E3EEFF2541324070C9F5DF98B24D40","binary data",NULL,"2024-01-25 12:40:50","0","72.69999695","0.600000024",14,10,"2550.990211"
18284877,-92,"","2024-01-25 13:49:59.671996","2024-01-25 13:49:51.414304",0,"arrival_0","2024-01-25 13:49:51.936583","7F:7E:F7:AD:B5:95","B4:8A:0A:31:5E:EC","0101000020E610000025AFEF3F09413240ACAC0A608CB24D40","binary data",NULL,"2024-01-25 12:49:52","7.21999979","95.40000153","0.600000024",11,10,"3088.927169"
18281824,-92,"","2024-01-25 13:47:40.15595","2024-01-25 13:47:23.414304",0,"arrival_0","2024-01-25 13:47:24.220117","7F:7E:F7:AD:B5:95","B4:8A:0A:31:5E:EC","0101000020E6100000B131F13FE04032406E6704C09DB24D40","binary data",NULL,"2024-01-25 12:47:24","7.409999847","89.30000305","0.600000024",14,10,"2949.411123"
18283313,-92,"","2024-01-25 13:48:42.931864","2024-01-25 13:48:35.414301",0,"arrival_0","2024-01-25 13:48:35.556589","7F:7E:F7:AD:B5:95","B4:8A:0A:31:5E:EC","0101000020E61000005707FEBF03413240D19AF6FFB7B24D40","binary data",NULL,"2024-01-25 12:48:36","7.78000021","88","0.600000024",11,10,"3012.187037"
18268372,-93,"","2024-01-25 13:37:40.854796","2024-01-25 13:37:14.414309",0,"arrival_0","2024-01-25 13:37:14.444684","7F:7E:F7:AD:B5:95","B4:8A:0A:31:5E:EC","0101000020E610000021121140624132406E6704C09DB24D40","binary data",NULL,"2024-01-25 12:37:14","0","91.59999847","0.600000024",13,10,"2350.109969"
18287826,-93,"","2024-01-25 13:51:58.418298","2024-01-25 13:51:53.414301",0,"arrival_0","2024-01-25 13:51:53.670286","E9:4A:DB:FB:37:F3","B4:8A:0A:31:5E:EC","0101000020E6100000CB84FCBF2C4132407A54FCDF91B24D40","binary data",NULL,"2024-01-25 12:51:54","0","91.69999695","0.600000024",12,10,"3207.673471"
18269067,-93,"","2024-01-25 13:38:24.467244","2024-01-25 13:38:21.414302",0,"arrival_0","2024-01-25 13:38:22.332663","7F:7E:F7:AD:B5:95","B4:8A:0A:31:5E:EC","0101000020E610000004F3048032413240224DFE1F8EB24D40","binary data",NULL,"2024-01-25 12:38:22","0","71.90000153","0.600000024",13,10,"2393.722417"
18297480,-93,"","2024-01-25 13:58:00.601816","2024-01-25 13:57:34.414307",0,"arrival_0","2024-01-25 13:57:34.642051","E9:4A:DB:FB:37:F3","B4:8A:0A:31:5E:EC","0101000020E6100000A4C60060A74032403E5DFEBF41B24D40","binary data",NULL,"2024-01-25 12:57:33","1.480000019","19.10000038","0.600000024",12,10,"3569.856989"
18232761,-93,"","2024-01-25 13:09:45.243823","2024-01-25 13:09:33.414302",0,"arrival_0","2024-01-25 13:09:33.531315","66:8C:D9:93:F9:FE","B4:8A:0A:31:5E:EC","0101000020E6100000FE5A03006C413240024E08809EB24D40","binary data",NULL,"2024-01-25 12:09:34","2.779999971","95.19999695","0.600000024",15,10,"674.498996"
18270672,-93,"","2024-01-25 13:40:17.032143","2024-01-25 13:40:07.414302",0,"arrival_0","2024-01-25 13:40:08.9696","7F:7E:F7:AD:B5:95","B4:8A:0A:31:5E:EC","0101000020E61000006AF2F7FF2F4132406FCD04608FB24D40","binary data",NULL,"2024-01-25 12:40:08","16.11000061","74.5","0.600000024",14,10,"2506.287316"
18220822,-93,"","2024-01-25 13:00:14.124826","2024-01-25 13:00:01.414308",0,"arrival_0","2024-01-25 13:00:01.900403","66:8C:D9:93:F9:FE","B4:8A:0A:31:5E:EC","0101000020E61000003106F77FE54032409830FDBFA8B24D40","binary data",NULL,"2024-01-25 12:00:01","7.21999979","95.19999695","0.699999988",15,9,"103.379999"
18265825,-93,"","2024-01-25 13:34:18.250813","2024-01-25 13:34:07.414301",0,"arrival_0","2024-01-25 13:34:08.101271","7F:7E:F7:AD:B5:95","B4:8A:0A:31:5E:EC","0101000020E6100000D2D9F25F5A413240E878F5BF96B24D40","binary data",NULL,"2024-01-25 12:34:08","7.960000038","103.0999985","0.699999988",13,10,"2147.505986"
18265624,-93,"","2024-01-25 13:34:07.109213","2024-01-25 13:33:55.414302",0,"arrival_0","2024-01-25 13:33:56.273364","7F:7E:F7:AD:B5:95","B4:8A:0A:31:5E:EC","0101000020E6100000ADD30EA05B41324058B009408EB24D40","binary data",NULL,"2024-01-25 12:33:56","12.59000015","102.1999969","0.699999988",13,10,"2136.364386"
18266281,-93,"","2024-01-25 13:35:23.874744","2024-01-25 13:35:18.414302",0,"arrival_0","2024-01-25 13:35:19.143953","7F:7E:F7:AD:B5:95","B4:8A:0A:31:5E:EC","0101000020E61000002EA814E060413240F19DFB1F9EB24D40","binary data",NULL,"2024-01-25 12:35:20","0","98.69999695","0.600000024",13,10,"2213.129917"
18287605,-93,"","2024-01-25 13:51:46.667672","2024-01-25 13:51:43.414302",0,"arrival_0","2024-01-25 13:51:43.53482","7F:7E:F7:AD:B5:95","B4:8A:0A:31:5E:EC","0101000020E6100000CB84FCBF2C4132407A54FCDF91B24D40","binary data",NULL,"2024-01-25 12:51:44","0","91.69999695","0.600000024",12,10,"3195.922845"
18265437,-93,"","2024-01-25 13:33:55.652636","2024-01-25 13:33:48.414301",0,"arrival_0","2024-01-25 13:33:49.265113","7F:7E:F7:AD:B5:95","B4:8A:0A:31:5E:EC","0101000020E6100000C543EFBF5B4132408D6A09E083B24D40","binary data",NULL,"2024-01-25 12:33:49","11.47999954","101.6999969","0.699999988",13,10,"2124.907809"
18265613,-94,"","2024-01-25 13:34:07.109213","2024-01-25 13:33:52.414309",0,"arrival_0","2024-01-25 13:33:52.859916","7F:7E:F7:AD:B5:95","B4:8A:0A:31:5E:EC","0101000020E6100000E8A308805C413240245C0A408AB24D40","binary data",NULL,"2024-01-25 12:33:53","20.93000031","101.5999985","0.699999988",13,10,"2136.364386"
18273076,-94,"","2024-01-25 13:41:46.82265","2024-01-25 13:41:34.414301",0,"arrival_0","2024-01-25 13:41:34.592578","7F:7E:F7:AD:B5:95","B4:8A:0A:31:5E:EC","0101000020E6100000149405C036413240C56E0280A1B24D40","binary data",NULL,"2024-01-25 12:41:35","0","75.19999695","0.600000024",11,10,"2596.077823"
18270383,-94,"","2024-01-25 13:39:42.548259","2024-01-25 13:39:33.414303",0,"arrival_0","2024-01-25 13:39:33.684224","7F:7E:F7:AD:B5:95","B4:8A:0A:31:5E:EC","0101000020E6100000A055032030413240DBE600A08EB24D40","binary data",NULL,"2024-01-25 12:39:34","0","73.5","0.600000024",11,10,"2471.803432"
18269377,-94,"","2024-01-25 13:38:35.469627","2024-01-25 13:38:33.414301",0,"arrival_0","2024-01-25 13:38:33.436396","7F:7E:F7:AD:B5:95","B4:8A:0A:31:5E:EC","0101000020E610000051C6F0BF32413240224DFE1F8EB24D40","binary data",NULL,"2024-01-25 12:38:33","0","71.40000153","0.600000024",13,10,"2404.724800"
18269370,-94,"","2024-01-25 13:38:35.469627","2024-01-25 13:38:28.414301",0,"arrival_0","2024-01-25 13:38:28.607477","7F:7E:F7:AD:B5:95","B4:8A:0A:31:5E:EC","0101000020E610000004F304803241324058B009408EB24D40","binary data",NULL,"2024-01-25 12:38:28","0","71.40000153","0.600000024",13,10,"2404.724800"
18266751,-94,"","2024-01-25 13:35:34.87234","2024-01-25 13:35:24.414301",0,"arrival_0","2024-01-25 13:35:24.856207","7F:7E:F7:AD:B5:95","B4:8A:0A:31:5E:EC","0101000020E61000008D7EF27F604132401451FADF9DB24D40","binary data",NULL,"2024-01-25 12:35:25","0","97.19999695","0.600000024",12,10,"2224.127513"
18265625,-94,"","2024-01-25 13:34:07.109213","2024-01-25 13:33:56.414302",0,"arrival_0","2024-01-25 13:33:56.558379","7F:7E:F7:AD:B5:95","B4:8A:0A:31:5E:EC","0101000020E6100000ADD30EA05B41324058B009408EB24D40","binary data",NULL,"2024-01-25 12:33:56","12.59000015","102.1999969","0.699999988",13,10,"2136.364386"
18283641,-94,"","2024-01-25 13:49:04.957064","2024-01-25 13:49:00.414302",0,"arrival_0","2024-01-25 13:49:00.778463","7F:7E:F7:AD:B5:95","B4:8A:0A:31:5E:EC","0101000020E610000079ABF05F07413240086402C0A9B24D40","binary data",NULL,"2024-01-25 12:49:01","7.039999962","91.40000153","0.600000024",11,10,"3034.212237"
18285495,-94,"","2024-01-25 13:50:12.412893","2024-01-25 13:49:59.414302",0,"arrival_0","2024-01-25 13:49:59.587757","7F:7E:F7:AD:B5:95","B4:8A:0A:31:5E:EC","0101000020E6100000C5D811A009413240EADEF55F88B24D40","binary data",NULL,"2024-01-25 12:49:59","6.670000076","96","0.600000024",11,10,"3101.668066"
18285591,-94,"","2024-01-25 13:50:17.027719","2024-01-25 13:49:59.414302",0,"arrival_0","2024-01-25 13:49:59.587757","7F:7E:F7:AD:B5:95","B4:8A:0A:31:5E:EC","0101000020E6100000C5D811A009413240EADEF55F88B24D40","binary data",NULL,"2024-01-25 12:49:59","6.670000076","96","0.600000024",11,10,"3106.282892"
18287256,-94,"","2024-01-25 13:51:35.446984","2024-01-25 13:51:29.414302",0,"arrival_0","2024-01-25 13:51:29.629031","E9:4A:DB:FB:37:F3","B4:8A:0A:31:5E:EC","0101000020E610000001E807E02C4132407A54FCDF91B24D40","binary data",NULL,"2024-01-25 12:51:30","0","91.69999695","0.600000024",12,10,"3184.702157"
18287602,-94,"","2024-01-25 13:51:46.667672","2024-01-25 13:51:41.414301",0,"arrival_0","2024-01-25 13:51:41.51002","7F:7E:F7:AD:B5:95","B4:8A:0A:31:5E:EC","0101000020E6100000CB84FCBF2C4132407A54FCDF91B24D40","binary data",NULL,"2024-01-25 12:51:42","0","91.69999695","0.600000024",12,10,"3195.922845"
18231093,-94,"","2024-01-25 13:08:39.80902","2024-01-25 13:08:25.414301",0,"arrival_0","2024-01-25 13:08:25.439478","66:8C:D9:93:F9:FE","B4:8A:0A:31:5E:EC","0101000020E610000036E103E0444132404D80064081B24D40","binary data",NULL,"2024-01-25 12:08:26","2.220000029","93.30000305","0.699999988",15,9,"609.064193"
18287812,-94,"","2024-01-25 13:51:58.418298","2024-01-25 13:51:47.414302",0,"arrival_0","2024-01-25 13:51:47.697764","E9:4A:DB:FB:37:F3","B4:8A:0A:31:5E:EC","0101000020E6100000CB84FCBF2C4132407A54FCDF91B24D40","binary data",NULL,"2024-01-25 12:51:48","0","91.69999695","0.600000024",12,10,"3207.673471"
18290098,-94,"","2024-01-25 13:53:39.37867","2024-01-25 13:53:33.414302",0,"arrival_0","2024-01-25 13:53:34.32645","E9:4A:DB:FB:37:F3","B4:8A:0A:31:5E:EC","0101000020E61000004EBBF31F2D41324056A1FD1F92B24D40","binary data",NULL,"2024-01-25 12:53:34","0","90.69999695","0.600000024",12,10,"3308.633843"
18265373,-94,"","2024-01-25 13:33:43.491922","2024-01-25 13:33:33.414301",0,"arrival_0","2024-01-25 13:33:33.507027","7F:7E:F7:AD:B5:95","B4:8A:0A:31:5E:EC","0101000020E6100000406C0AE03D413240F883052083B24D40","binary data",NULL,"2024-01-25 12:33:34","0","99.40000153","0.699999988",13,10,"2112.747095"
18265370,-94,"","2024-01-25 13:33:43.491922","2024-01-25 13:33:31.414302",0,"arrival_0","2024-01-25 13:33:31.558016","7F:7E:F7:AD:B5:95","B4:8A:0A:31:5E:EC","0101000020E610000057DCEAFF3D413240F883052083B24D40","binary data",NULL,"2024-01-25 12:33:32","1.110000014","99.59999847","0.699999988",13,10,"2112.747095"
18265019,-94,"","2024-01-25 13:33:20.785044","2024-01-25 13:33:10.414302",0,"arrival_0","2024-01-25 13:33:10.458283","7F:7E:F7:AD:B5:95","B4:8A:0A:31:5E:EC","0101000020E6100000E878F5BF96413240D300F79FA9B24D40","binary data",NULL,"2024-01-25 12:33:11","24.62999916","99.30000305","0.699999988",13,10,"2090.040217"
18300370,-95,"","2024-01-25 13:59:09.824851","2024-01-25 13:58:27.414304",0,"arrival_0","2024-01-25 13:58:28.221785","E9:4A:DB:FB:37:F3","B4:8A:0A:31:5E:EC","0101000020E6100000C66AF3FFAA4032409DE0F65F42B24D40","binary data",NULL,"2024-01-25 12:58:25","0","20","0.600000024",12,10,"3639.080024"
18265374,-95,"","2024-01-25 13:33:43.491922","2024-01-25 13:33:33.414302",0,"arrival_0","2024-01-25 13:33:33.551531","7F:7E:F7:AD:B5:95","B4:8A:0A:31:5E:EC","0101000020E6100000406C0AE03D413240F883052083B24D40","binary data",NULL,"2024-01-25 12:33:34","0","99.40000153","0.699999988",13,10,"2112.747095"
18270671,-95,"","2024-01-25 13:40:17.032143","2024-01-25 13:40:04.414301",0,"arrival_0","2024-01-25 13:40:04.565042","7F:7E:F7:AD:B5:95","B4:8A:0A:31:5E:EC","0101000020E61000001189082031413240A583F57F8EB24D40","binary data",NULL,"2024-01-25 12:40:02","0","74.80000305","0.699999988",14,9,"2506.287316"
18231400,-95,"","2024-01-25 13:08:46.73523","2024-01-25 13:08:30.414302",0,"arrival_0","2024-01-25 13:08:31.413466","66:8C:D9:93:F9:FE","B4:8A:0A:31:5E:EC","0101000020E61000003C4EF29F454132407133050081B24D40","binary data",NULL,"2024-01-25 12:08:29","3.329999924","92.80000305","0.699999988",15,9,"615.990403"
18283958,-95,"","2024-01-25 13:49:16.005169","2024-01-25 13:49:05.414301",0,"arrival_0","2024-01-25 13:49:06.309763","7F:7E:F7:AD:B5:95","B4:8A:0A:31:5E:EC","0101000020E6100000D26E1540084132405846FA1FA6B24D40","binary data",NULL,"2024-01-25 12:49:07","7.78000021","92.19999695","0.600000024",10,10,"3045.260342"
18268115,-95,"","2024-01-25 13:37:29.742594","2024-01-25 13:37:13.414302",0,"arrival_0","2024-01-25 13:37:13.733525","7F:7E:F7:AD:B5:95","B4:8A:0A:31:5E:EC","0101000020E610000021121140624132406E6704C09DB24D40","binary data",NULL,"2024-01-25 12:37:14","0","91.59999847","0.600000024",13,10,"2338.997767"
18284875,-95,"","2024-01-25 13:49:59.671996","2024-01-25 13:49:47.414302",0,"arrival_0","2024-01-25 13:49:48.347727","7F:7E:F7:AD:B5:95","B4:8A:0A:31:5E:EC","0101000020E610000025AFEF3F094132407C6308008EB24D40","binary data",NULL,"2024-01-25 12:49:49","7.409999847","95.40000153","0.600000024",11,10,"3088.927169"
18270663,-95,"","2024-01-25 13:40:06.157273","2024-01-25 13:39:51.414309",0,"arrival_0","2024-01-25 13:39:51.949933","7F:7E:F7:AD:B5:95","B4:8A:0A:31:5E:EC","0101000020E610000093BFFF7F31413240A583F57F8EB24D40","binary data",NULL,"2024-01-25 12:39:52","0","74.59999847","0.600000024",12,10,"2495.412446"
18265623,-95,"","2024-01-25 13:34:07.109213","2024-01-25 13:33:55.414301",0,"arrival_0","2024-01-25 13:33:56.227889","7F:7E:F7:AD:B5:95","B4:8A:0A:31:5E:EC","0101000020E6100000ADD30EA05B41324058B009408EB24D40","binary data",NULL,"2024-01-25 12:33:56","12.59000015","102.1999969","0.699999988",13,10,"2136.364386"
18268375,-95,"","2024-01-25 13:37:40.854796","2024-01-25 13:37:16.414304",0,"arrival_0","2024-01-25 13:37:17.30832","7F:7E:F7:AD:B5:95","B4:8A:0A:31:5E:EC","0101000020E610000021121140624132406E6704C09DB24D40","binary data",NULL,"2024-01-25 12:37:14","0","91.59999847","0.600000024",13,10,"2350.109969"
18268384,-95,"","2024-01-25 13:37:40.854796","2024-01-25 13:37:22.414302",0,"arrival_0","2024-01-25 13:37:22.463393","7F:7E:F7:AD:B5:95","B4:8A:0A:31:5E:EC","0101000020E61000004518F5FF604132406E6704C09DB24D40","binary data",NULL,"2024-01-25 12:37:23","0","89.69999695","0.600000024",14,10,"2350.109969"
18274002,-95,"","2024-01-25 13:42:36.578641","2024-01-25 13:42:29.414302",0,"arrival_0","2024-01-25 13:42:29.532528","7F:7E:F7:AD:B5:95","B4:8A:0A:31:5E:EC","0101000020E6100000455B00E0F94032409BFCFDFF8BB24D40","binary data",NULL,"2024-01-25 12:42:30","23.70999908","73.69999695","0.600000024",13,10,"2645.833814"
18272089,-95,"","2024-01-25 13:41:01.735038","2024-01-25 13:40:54.414308",0,"arrival_0","2024-01-25 13:40:54.69548","7F:7E:F7:AD:B5:95","B4:8A:0A:31:5E:EC","0101000020E6100000C879FF1F274132405EC6038099B24D40","binary data",NULL,"2024-01-25 12:40:55","7.960000038","72.19999695","0.600000024",13,10,"2550.990211"
18268860,-95,"","2024-01-25 13:38:13.598801","2024-01-25 13:38:11.414301",0,"arrival_0","2024-01-25 13:38:11.600336","7F:7E:F7:AD:B5:95","B4:8A:0A:31:5E:EC","0101000020E61000003FC3FE5F33413240FF99FF5F8EB24D40","binary data",NULL,"2024-01-25 12:38:12","0","72.80000305","0.600000024",14,10,"2382.853974"
18271130,-95,"","2024-01-25 13:40:27.847487","2024-01-25 13:40:19.414302",0,"arrival_0","2024-01-25 13:40:19.955527","7F:7E:F7:AD:B5:95","B4:8A:0A:31:5E:EC","0101000020E6100000DF4315402941324070C9F5DF98B24D40","binary data",NULL,"2024-01-25 12:40:20","0","72.40000153","0.600000024",14,10,"2517.102660"
18225345,-95,"","2024-01-25 13:03:52.942814","2024-01-25 13:03:44.414301",0,"arrival_0","2024-01-25 13:03:44.558105","66:8C:D9:93:F9:FE","B4:8A:0A:31:5E:EC","0101000020E610000020EB0C0013413240EFF8FE1F8AB24D40","binary data",NULL,"2024-01-25 12:03:45","7.78000021","94.80000305","0.699999988",15,9,"322.197987"
18283611,-95,"","2024-01-25 13:48:53.928144","2024-01-25 13:48:47.414301",0,"arrival_0","2024-01-25 13:48:48.44134","7F:7E:F7:AD:B5:95","B4:8A:0A:31:5E:EC","0101000020E6100000B637116005413240FFD8FBBFB0B24D40","binary data",NULL,"2024-01-25 12:48:49","7.590000153","90.59999847","0.600000024",11,10,"3023.183317"
18266235,-95,"","2024-01-25 13:35:12.791743","2024-01-25 13:35:00.414301",0,"arrival_0","2024-01-25 13:35:01.358335","7F:7E:F7:AD:B5:95","B4:8A:0A:31:5E:EC","0101000020E6100000C3E1FD9F60413240DE9A09C09EB24D40","binary data",NULL,"2024-01-25 12:35:01","0","101.8000031","0.600000024",13,10,"2202.046916"
18266236,-95,"","2024-01-25 13:35:12.791743","2024-01-25 13:35:01.414302",0,"arrival_0","2024-01-25 13:35:01.931818","7F:7E:F7:AD:B5:95","B4:8A:0A:31:5E:EC","0101000020E6100000750E126060413240DE9A09C09EB24D40","binary data",NULL,"2024-01-25 12:35:02","0","101.8000031","0.600000024",13,10,"2202.046916"
18232408,-95,"","2024-01-25 13:09:22.788706","2024-01-25 13:09:17.414302",0,"arrival_0","2024-01-25 13:09:17.45562","66:8C:D9:93:F9:FE","B4:8A:0A:31:5E:EC","0101000020E6100000C38A09206B4132402B72048095B24D40","binary data",NULL,"2024-01-25 12:09:18","7.409999847","94.19999695","0.600000024",15,10,"652.043879"
18283640,-95,"","2024-01-25 13:49:04.957064","2024-01-25 13:49:00.414302",0,"arrival_0","2024-01-25 13:49:00.733412","7F:7E:F7:AD:B5:95","B4:8A:0A:31:5E:EC","0101000020E610000079ABF05F07413240086402C0A9B24D40","binary data",NULL,"2024-01-25 12:49:01","7.039999962","91.40000153","0.600000024",11,10,"3034.212237"
18268025,-95,"","2024-01-25 13:37:05.225913","2024-01-25 13:36:53.414301",0,"arrival_0","2024-01-25 13:36:53.584465","7F:7E:F7:AD:B5:95","B4:8A:0A:31:5E:EC","0101000020E6100000624FF9DF63413240921A03809DB24D40","binary data",NULL,"2024-01-25 12:36:53","0","92.69999695","0.600000024",14,10,"2314.481086"
18287132,-95,"","2024-01-25 13:51:24.272221","2024-01-25 13:51:15.414301",0,"arrival_0","2024-01-25 13:51:15.422342","7F:7E:F7:AD:B5:95","B4:8A:0A:31:5E:EC","0101000020E610000001E807E02C4132407A54FCDF91B24D40","binary data",NULL,"2024-01-25 12:51:16","0","91.69999695","0.600000024",12,10,"3173.527394"
18237173,-95,"","2024-01-25 13:13:06.636834","2024-01-25 13:12:49.414302",0,"arrival_0","2024-01-25 13:12:50.5235","66:8C:D9:93:F9:FE","B4:8A:0A:31:5E:EC","0101000020E6100000C7D402209341324032EEFE5F92B24D40","binary data",NULL,"2024-01-25 12:12:51","7.590000153","95.90000153","0.600000024",11,10,"875.892007"
18287263,-95,"","2024-01-25 13:51:35.446984","2024-01-25 13:51:31.414302",0,"arrival_0","2024-01-25 13:51:32.3062","7F:7E:F7:AD:B5:95","B4:8A:0A:31:5E:EC","0101000020E6100000CB84FCBF2C4132407A54FCDF91B24D40","binary data",NULL,"2024-01-25 12:51:32","0","91.69999695","0.600000024",12,10,"3184.702157"
18281680,-96,"","2024-01-25 13:47:28.805742","2024-01-25 13:47:16.414302",0,"arrival_0","2024-01-25 13:47:16.963166","7F:7E:F7:AD:B5:95","B4:8A:0A:31:5E:EC","0101000020E61000001CF80780E04032403A1305C099B24D40","binary data",NULL,"2024-01-25 12:47:17","7.590000153","89.69999695","0.699999988",14,8,"2938.060915"
18265030,-96,"","2024-01-25 13:33:20.785044","2024-01-25 13:33:17.414301",0,"arrival_0","2024-01-25 13:33:18.230286","7F:7E:F7:AD:B5:95","B4:8A:0A:31:5E:EC","0101000020E61000006362148056413240A01607C08DB24D40","binary data",NULL,"2024-01-25 12:33:19","59.25999832","98.30000305","0.699999988",13,9,"2090.040217"
18286290,-96,"","2024-01-25 13:50:39.388435","2024-01-25 13:50:33.414302",0,"arrival_0","2024-01-25 13:50:33.437617","E9:4A:DB:FB:37:F3","B4:8A:0A:31:5E:EC","0101000020E61000002AB50F602E413240A278F8DF88B24D40","binary data",NULL,"2024-01-25 12:50:34","7.039999962","92","0.600000024",12,10,"3128.643608"
18266078,-96,"","2024-01-25 13:35:01.762774","2024-01-25 13:34:55.414302",0,"arrival_0","2024-01-25 13:34:55.734844","7F:7E:F7:AD:B5:95","B4:8A:0A:31:5E:EC","0101000020E6100000C3E1FD9F60413240196B03A09FB24D40","binary data",NULL,"2024-01-25 12:34:56","11.10999966","105.5","0.699999988",13,9,"2191.017947"
18270227,-96,"","2024-01-25 13:39:31.526219","2024-01-25 13:39:20.414302",0,"arrival_0","2024-01-25 13:39:20.767461","7F:7E:F7:AD:B5:95","B4:8A:0A:31:5E:EC","0101000020E6100000ED28EF5F30413240A583F57F8EB24D40","binary data",NULL,"2024-01-25 12:39:21","0","74.40000153","0.600000024",13,10,"2460.781392"
18265208,-96,"","2024-01-25 13:33:32.275157","2024-01-25 13:33:29.414302",0,"arrival_0","2024-01-25 13:33:29.491168","7F:7E:F7:AD:B5:95","B4:8A:0A:31:5E:EC","0101000020E61000007B3C04C03E413240F883052083B24D40","binary data",NULL,"2024-01-25 12:33:30","0.74000001","100.5999985","0.699999988",13,10,"2101.530330"
18266237,-96,"","2024-01-25 13:35:12.791743","2024-01-25 13:35:01.414302",0,"arrival_0","2024-01-25 13:35:02.336772","7F:7E:F7:AD:B5:95","B4:8A:0A:31:5E:EC","0101000020E6100000750E126060413240DE9A09C09EB24D40","binary data",NULL,"2024-01-25 12:35:02","0","101.8000031","0.600000024",13,10,"2202.046916"
18265375,-96,"","2024-01-25 13:33:43.491922","2024-01-25 13:33:33.414304",0,"arrival_0","2024-01-25 13:33:34.283457","7F:7E:F7:AD:B5:95","B4:8A:0A:31:5E:EC","0101000020E61000008D3FF61F3E4132409F6DFB3F83B24D40","binary data",NULL,"2024-01-25 12:33:35","0","99.40000153","0.699999988",13,10,"2112.747095"
18266277,-96,"","2024-01-25 13:35:23.874744","2024-01-25 13:35:14.414301",0,"arrival_0","2024-01-25 13:35:15.172662","7F:7E:F7:AD:B5:95","B4:8A:0A:31:5E:EC","0101000020E61000002EA814E060413240F19DFB1F9EB24D40","binary data",NULL,"2024-01-25 12:35:16","0","98.80000305","0.600000024",13,10,"2213.129917"
18284340,-96,"","2024-01-25 13:49:38.025285","2024-01-25 13:49:25.414306",0,"arrival_0","2024-01-25 13:49:25.85354","7F:7E:F7:AD:B5:95","B4:8A:0A:31:5E:EC","0101000020E6100000A278F8DF084132409EB006209CB24D40","binary data",NULL,"2024-01-25 12:49:25","6.849999905","94.69999695","0.600000024",11,10,"3067.280458"
18267651,-96,"","2024-01-25 13:36:42.327137","2024-01-25 13:36:40.414301",0,"arrival_0","2024-01-25 13:36:40.416878","7F:7E:F7:AD:B5:95","B4:8A:0A:31:5E:EC","0101000020E61000008B1C016065413240921A03809DB24D40","binary data",NULL,"2024-01-25 12:36:40","0","92.80000305","0.600000024",12,10,"2291.582310"
18284345,-96,"","2024-01-25 13:49:38.025285","2024-01-25 13:49:30.414301",0,"arrival_0","2024-01-25 13:49:30.433698","7F:7E:F7:AD:B5:95","B4:8A:0A:31:5E:EC","0101000020E6100000A278F8DF0841324023F609A098B24D40","binary data",NULL,"2024-01-25 12:49:31","7.409999847","95.19999695","0.600000024",11,10,"3067.280458"
18291752,-96,"","2024-01-25 13:55:17.10033","2024-01-25 13:55:06.414302",0,"arrival_0","2024-01-25 13:55:06.675353","E9:4A:DB:FB:37:F3","B4:8A:0A:31:5E:EC","0101000020E61000001B4FFCFFD54032404C410AE05EB24D40","binary data",NULL,"2024-01-25 12:55:06","55.56000137","88.5","0.600000024",12,10,"3406.355503"
18286292,-97,"","2024-01-25 13:50:39.388435","2024-01-25 13:50:34.414308",0,"arrival_0","2024-01-25 13:50:34.596596","7F:7E:F7:AD:B5:95","B4:8A:0A:31:5E:EC","0101000020E61000002AB50F602E4132405A12FB5F89B24D40","binary data",NULL,"2024-01-25 12:50:35","6.670000076","91.59999847","0.600000024",12,10,"3128.643608"
18233763,-97,"","2024-01-25 13:10:41.213176","2024-01-25 13:10:35.414302",0,"arrival_0","2024-01-25 13:10:35.699263","66:8C:D9:93:F9:FE","B4:8A:0A:31:5E:EC","0101000020E6100000EC5711A06C413240185CF77FA3B24D40","binary data",NULL,"2024-01-25 12:10:36","5.929999828","95.90000153","0.600000024",14,10,"730.468349"
18265376,-97,"","2024-01-25 13:33:43.491922","2024-01-25 13:33:34.414302",0,"arrival_0","2024-01-25 13:33:34.587727","7F:7E:F7:AD:B5:95","B4:8A:0A:31:5E:EC","0101000020E61000008D3FF61F3E4132409F6DFB3F83B24D40","binary data",NULL,"2024-01-25 12:33:35","0","99.40000153","0.699999988",13,10,"2112.747095"
18270397,-98,"","2024-01-25 13:39:53.455451","2024-01-25 13:39:48.414302",0,"arrival_0","2024-01-25 13:39:48.770505","7F:7E:F7:AD:B5:95","B4:8A:0A:31:5E:EC","0101000020E610000016F6F6DF31413240A583F57F8EB24D40","binary data",NULL,"2024-01-25 12:39:49","0","74.59999847","0.600000024",12,10,"2482.710624"
18273107,-98,"","2024-01-25 13:41:58.27796","2024-01-25 13:41:45.414302",0,"arrival_0","2024-01-25 13:41:45.771808","7F:7E:F7:AD:B5:95","B4:8A:0A:31:5E:EC","0101000020E6100000149405C03641324048A5F9DFA1B24D40","binary data",NULL,"2024-01-25 12:41:45","0","75","0.600000024",12,10,"2607.533133"
18265435,-98,"","2024-01-25 13:33:55.652636","2024-01-25 13:33:48.414301",0,"arrival_0","2024-01-25 13:33:49.167948","7F:7E:F7:AD:B5:95","B4:8A:0A:31:5E:EC","0101000020E6100000C543EFBF5B4132408D6A09E083B24D40","binary data",NULL,"2024-01-25 12:33:49","11.47999954","101.6999969","0.699999988",13,10,"2124.907809"
18266753,-98,"","2024-01-25 13:35:34.87234","2024-01-25 13:35:27.414302",0,"arrival_0","2024-01-25 13:35:28.188985","7F:7E:F7:AD:B5:95","B4:8A:0A:31:5E:EC","0101000020E6100000750E1260604132401451FADF9DB24D40","binary data",NULL,"2024-01-25 12:35:29","0","95.59999847","0.600000024",12,10,"2224.127513"
18285910,-98,"","2024-01-25 13:50:28.131619","2024-01-25 13:50:20.414302",0,"arrival_0","2024-01-25 13:50:21.389098","7F:7E:F7:AD:B5:95","B4:8A:0A:31:5E:EC","0101000020E6100000F14607A0284132400B87F77F82B24D40","binary data",NULL,"2024-01-25 12:50:22","7.590000153","92.69999695","0.600000024",13,10,"3117.386792"
18271129,-98,"","2024-01-25 13:40:27.847487","2024-01-25 13:40:18.414301",0,"arrival_0","2024-01-25 13:40:18.640946","7F:7E:F7:AD:B5:95","B4:8A:0A:31:5E:EC","0101000020E6100000DF43154029413240A62C010099B24D40","binary data",NULL,"2024-01-25 12:40:19","0","72.09999847","0.600000024",14,10,"2517.102660"
18281258,-98,"","2024-01-25 13:47:14.746659","2024-01-25 13:46:58.414304",0,"arrival_0","2024-01-25 13:46:58.46282","7F:7E:F7:AD:B5:95","B4:8A:0A:31:5E:EC","0101000020E610000099C11020E0403240938003208FB24D40","binary data",NULL,"2024-01-25 12:46:58","7.039999962","88.69999695","0.600000024",14,10,"2924.001832"
18268374,-98,"","2024-01-25 13:37:40.854796","2024-01-25 13:37:16.414306",0,"arrival_0","2024-01-25 13:37:17.232476","7F:7E:F7:AD:B5:95","B4:8A:0A:31:5E:EC","0101000020E610000021121140624132406E6704C09DB24D40","binary data",NULL,"2024-01-25 12:37:14","0","91.59999847","0.600000024",13,10,"2350.109969"
18268028,-98,"","2024-01-25 13:37:05.225913","2024-01-25 13:36:54.414302",0,"arrival_0","2024-01-25 13:36:54.616727","7F:7E:F7:AD:B5:95","B4:8A:0A:31:5E:EC","0101000020E6100000624FF9DF63413240921A03809DB24D40","binary data",NULL,"2024-01-25 12:36:54","0","92.80000305","0.600000024",14,10,"2314.481086"
18286788,-98,"","2024-01-25 13:51:01.58247","2024-01-25 13:50:55.414301",0,"arrival_0","2024-01-25 13:50:56.252851","7F:7E:F7:AD:B5:95","B4:8A:0A:31:5E:EC","0101000020E6100000898BEDFF2D413240D36A06C091B24D40","binary data",NULL,"2024-01-25 12:50:56","0","92.40000153","0.600000024",12,10,"3150.837643"
18285911,-100,"","2024-01-25 13:50:28.131619","2024-01-25 13:50:21.414302",0,"arrival_0","2024-01-25 13:50:21.434007","E9:4A:DB:FB:37:F3","B4:8A:0A:31:5E:EC","0101000020E6100000F14607A0284132400B87F77F82B24D40","binary data",NULL,"2024-01-25 12:50:22","7.590000153","92.69999695","0.600000024",13,10,"3117.386792"
18300240,-100,"","2024-01-25 13:59:09.824851","2024-01-25 13:58:20.414305",0,"arrival_0","2024-01-25 13:58:20.81675","E9:4A:DB:FB:37:F3","B4:8A:0A:31:5E:EC","0101000020E6100000C66AF3FFAA403240D243028042B24D40","binary data",NULL,"2024-01-25 12:58:21","0","20.29999924","0.600000024",12,10,"3639.080024"
18270384,-101,"","2024-01-25 13:39:42.548259","2024-01-25 13:39:33.414302",0,"arrival_0","2024-01-25 13:39:34.55408","7F:7E:F7:AD:B5:95","B4:8A:0A:31:5E:EC","0101000020E6100000A055032030413240DBE600A08EB24D40","binary data",NULL,"2024-01-25 12:39:34","0","73.5","0.600000024",11,10,"2471.803432"
18236961,-104,"","2024-01-25 13:12:51.026861","2024-01-25 13:12:47.414301",0,"arrival_0","2024-01-25 13:12:48.85285","66:8C:D9:93:F9:FE","B4:8A:0A:31:5E:EC","0101000020E6100000C7D4022093413240490BFA7F93B24D40","binary data",NULL,"2024-01-25 12:12:49","7.21999979","95.5","0.600000024",11,10,"860.282034"
